"Time (s)","Distance (cm)"
6.469169200E-2,8.000000000E0
