"Time (s)","Distance (cm)"
1.078640000E-1,8.000000000E0
