"Time (s)","Distance (cm)"
5.187531900E-2,8.000000000E0
