"Time (s)","Distance (cm)"
8.470902925E0,0.000000000E0
9.175102577E0,8.000000000E0
3.844488225E1,0.000000000E0
3.897233725E1,8.000000000E0
