"Time (s)","Distance (cm)"
6.545200000E-2,0.000000000E0
6.808939195E1,8.000000000E0
